{"count":1,"self":92.8600704,"total":93.483604599999993,"children":{"InitializeActuators":{"count":1,"self":0.0025099,"total":0.0025099,"children":null},"InitializeSensors":{"count":1,"self":0.0020231999999999997,"total":0.0020231999999999997,"children":null},"AgentSendState":{"count":1660,"self":0.013436499999999999,"total":0.0400397,"children":{"CollectObservations":{"count":1660,"self":0.0060342999999999994,"total":0.0060342999999999994,"children":null},"WriteActionMask":{"count":1660,"self":0.0019487999999999999,"total":0.0019487999999999999,"children":null},"RequestDecision":{"count":1660,"self":0.0186201,"total":0.0186201,"children":null}}},"DecideAction":{"count":1660,"self":0.5694648,"total":0.5694648,"children":null},"AgentAct":{"count":1660,"self":0.0094951999999999988,"total":0.0094951999999999988,"children":null}},"gauges":{"CatchAgent.CumulativeReward":{"count":22,"max":0.9949117,"min":-0.573886,"runningAverage":0.7244714,"value":0.900636435,"weightedAverage":0.721350849}},"metadata":{"timer_format_version":"0.1.0","start_time_seconds":"1756834610","unity_version":"6000.1.2f1","command_line_arguments":"C:\\Program Files\\Unity\\Hub\\Editor\\6000.1.2f1\\Editor\\Unity.exe -projectpath C:\\Users\\Hitalo\\Unity -acceptSoftwareTermsForThisRunOnly -useHub -hubIPC -cloudEnvironment production -licensingIpc LicenseClient-Hitalo -hubSessionId 6414dead-9491-4bc6-be3b-4871d9d4f70f -accessToken cHRvNqMOU_xvhc4qkonqn7Hkzw7-Mt3yDo4WUHfd1Ng004f","communication_protocol_version":"1.5.0","com.unity.ml-agents_version":"2.0.1","scene_name":"SampleScene","end_time_seconds":"1756834704"}}