{
    "name": "root",
    "metadata": {
        "timer_format_version": "0.1.0",
        "start_time_seconds": "1756223322",
        "python_version": "3.8.10 (tags/v3.8.10:3d8993a, May  3 2021, 11:48:03) [MSC v.1928 64 bit (AMD64)]",
        "command_line_arguments": "C:\\Users\\Hitalo\\Unity\\venv\\Scripts\\mlagents-learn npc_config.yaml --run-id=CatchRun --force",
        "mlagents_version": "0.29.0",
        "mlagents_envs_version": "0.29.0",
        "communication_protocol_version": "1.5.0",
        "pytorch_version": "2.4.1+cpu",
        "numpy_version": "1.21.2",
        "end_time_seconds": "1756223402"
    },
    "total": 79.3771942,
    "count": 1,
    "self": 0.007439800000014429,
    "children": {
        "run_training.setup": {
            "total": 0.1943410000000001,
            "count": 1,
            "self": 0.1943410000000001
        },
        "TrainerController.start_learning": {
            "total": 79.1754134,
            "count": 1,
            "self": 0.0009543999999976904,
            "children": {
                "TrainerController._reset_env": {
                    "total": 9.649691899999999,
                    "count": 1,
                    "self": 9.649691899999999
                },
                "TrainerController.advance": {
                    "total": 69.3196265,
                    "count": 17,
                    "self": 0.00022970000000555046,
                    "children": {
                        "env_step": {
                            "total": 69.319099,
                            "count": 17,
                            "self": 69.2703568,
                            "children": {
                                "SubprocessEnvManager._take_step": {
                                    "total": 0.0486089000000014,
                                    "count": 17,
                                    "self": 0.0007973000000074393,
                                    "children": {
                                        "TorchPolicy.evaluate": {
                                            "total": 0.04781159999999396,
                                            "count": 17,
                                            "self": 0.007550799999991753,
                                            "children": {
                                                "TorchPolicy.sample_actions": {
                                                    "total": 0.040260800000002206,
                                                    "count": 17,
                                                    "self": 0.040260800000002206
                                                }
                                            }
                                        }
                                    }
                                },
                                "workers": {
                                    "total": 0.00013329999999811548,
                                    "count": 16,
                                    "self": 0.0,
                                    "children": {
                                        "worker_root": {
                                            "total": 2.4103140000000014,
                                            "count": 16,
                                            "is_parallel": true,
                                            "self": 2.365447200000003,
                                            "children": {
                                                "steps_from_proto": {
                                                    "total": 0.002204899999999732,
                                                    "count": 1,
                                                    "is_parallel": true,
                                                    "self": 0.00012439999999891427,
                                                    "children": {
                                                        "_process_rank_one_or_two_observation": {
                                                            "total": 0.002080500000000818,
                                                            "count": 2,
                                                            "is_parallel": true,
                                                            "self": 0.002080500000000818
                                                        }
                                                    }
                                                },
                                                "UnityEnvironment.step": {
                                                    "total": 0.04266189999999881,
                                                    "count": 16,
                                                    "is_parallel": true,
                                                    "self": 0.0009377999999991005,
                                                    "children": {
                                                        "UnityEnvironment._generate_step_input": {
                                                            "total": 0.0007447000000002646,
                                                            "count": 16,
                                                            "is_parallel": true,
                                                            "self": 0.0007447000000002646
                                                        },
                                                        "communicator.exchange": {
                                                            "total": 0.03803399999999968,
                                                            "count": 16,
                                                            "is_parallel": true,
                                                            "self": 0.03803399999999968
                                                        },
                                                        "steps_from_proto": {
                                                            "total": 0.002945399999999765,
                                                            "count": 16,
                                                            "is_parallel": true,
                                                            "self": 0.0015681000000054013,
                                                            "children": {
                                                                "_process_rank_one_or_two_observation": {
                                                                    "total": 0.0013772999999943636,
                                                                    "count": 32,
                                                                    "is_parallel": true,
                                                                    "self": 0.0013772999999943636
                                                                }
                                                            }
                                                        }
                                                    }
                                                }
                                            }
                                        }
                                    }
                                }
                            }
                        },
                        "trainer_advance": {
                            "total": 0.0002978000000020131,
                            "count": 16,
                            "self": 0.00020409999999948525,
                            "children": {
                                "process_trajectory": {
                                    "total": 9.370000000252787e-05,
                                    "count": 16,
                                    "self": 9.370000000252787e-05
                                }
                            }
                        }
                    }
                },