{
    "name": "root",
    "gauges": {
        "CatchAgent.Policy.Entropy.mean": {
            "value": 1.2002532482147217,
            "min": 1.1971989870071411,
            "max": 1.4089843034744263,
            "count": 50
        },
        "CatchAgent.Policy.Entropy.sum": {
            "value": 11979.7275390625,
            "min": 11960.4052734375,
            "max": 14095.478515625,
            "count": 50
        },
        "CatchAgent.Environment.EpisodeLength.mean": {
            "value": 133.8783783783784,
            "min": 110.08988764044943,
            "max": 217.3913043478261,
            "count": 50
        },
        "CatchAgent.Environment.EpisodeLength.sum": {
            "value": 9907.0,
            "min": 9688.0,
            "max": 10189.0,
            "count": 50
        },
        "CatchAgent.Step.mean": {
            "value": 499976.0,
            "min": 9940.0,
            "max": 499976.0,
            "count": 50
        },
        "CatchAgent.Step.sum": {
            "value": 499976.0,
            "min": 9940.0,
            "max": 499976.0,
            "count": 50
        },
        "CatchAgent.Policy.ExtrinsicValueEstimate.mean": {
            "value": 0.6357603669166565,
            "min": -0.29179707169532776,
            "max": 0.7914609909057617,
            "count": 50
        },
        "CatchAgent.Policy.ExtrinsicValueEstimate.sum": {
            "value": 122.70175170898438,
            "min": -53.982460021972656,
            "max": 155.91781616210938,
            "count": 50
        },
        "CatchAgent.Environment.CumulativeReward.mean": {
            "value": 1.8263121992349625,
            "min": -0.9385801177188943,
            "max": 2.1966388351283967,
            "count": 50
        },
        "CatchAgent.Environment.CumulativeReward.sum": {
            "value": 135.14710274338722,
            "min": -74.14782929979265,
            "max": 149.37144078873098,
            "count": 50
        },
        "CatchAgent.Policy.ExtrinsicReward.mean": {
            "value": 1.8263121992349625,
            "min": -0.9385801177188943,
            "max": 2.1966388351283967,
            "count": 50
        },
        "CatchAgent.Policy.ExtrinsicReward.sum": {
            "value": 135.14710274338722,
            "min": -74.14782929979265,
            "max": 149.37144078873098,
            "count": 50
        },
        "CatchAgent.Losses.PolicyLoss.mean": {
            "value": 0.09932319592674806,
            "min": 0.08920478520643277,
            "max": 0.10551413038168296,
            "count": 50
        },
        "CatchAgent.Losses.PolicyLoss.sum": {
            "value": 0.49661597963374027,
            "min": 0.3677879695775724,
            "max": 0.5236946141758565,
            "count": 50
        },
        "CatchAgent.Losses.ValueLoss.mean": {
            "value": 0.045713440363761036,
            "min": 0.010737185811740347,
            "max": 0.04831981721023718,
            "count": 50
        },
        "CatchAgent.Losses.ValueLoss.sum": {
            "value": 0.2285672018188052,
            "min": 0.04701816982494413,
            "max": 0.2415990860511859,
            "count": 50
        },
        "CatchAgent.Policy.LearningRate.mean": {
            "value": 3.0078989974e-06,
            "min": 3.0078989974e-06,
            "max": 0.0002968614010462,
            "count": 50
        },
        "CatchAgent.Policy.LearningRate.sum": {
            "value": 1.5039494987e-05,
            "min": 1.5039494987e-05,
            "max": 0.0014561646146117996,
            "count": 50
        },
        "CatchAgent.Policy.Epsilon.mean": {
            "value": 0.10100259999999998,
            "min": 0.10100259999999998,
            "max": 0.19895380000000001,
            "count": 50
        },
        "CatchAgent.Policy.Epsilon.sum": {
            "value": 0.5050129999999999,
            "min": 0.42812360000000005,
            "max": 0.9853882000000002,
            "count": 50
        },
        "CatchAgent.Policy.Beta.mean": {
            "value": 6.002974000000001e-05,
            "min": 6.002974000000001e-05,
            "max": 0.004947794620000001,
            "count": 50
        },
        "CatchAgent.Policy.Beta.sum": {
            "value": 0.00030014870000000005,
            "min": 0.00030014870000000005,
            "max": 0.02427087118,
            "count": 50
        },
        "CatchAgent.IsTraining.mean": {
            "value": 1.0,
            "min": 1.0,
            "max": 1.0,
            "count": 50
        },
        "CatchAgent.IsTraining.sum": {
            "value": 1.0,
            "min": 1.0,
            "max": 1.0,
            "count": 50
        }
    },
    "metadata": {
        "timer_format_version": "0.1.0",
        "start_time_seconds": "1758218702",
        "python_version": "3.8.10 (tags/v3.8.10:3d8993a, May  3 2021, 11:48:03) [MSC v.1928 64 bit (AMD64)]",
        "command_line_arguments": "C:\\Users\\Hitalo\\Unity\\mlagents-env\\Scripts\\mlagents-learn npc_config.yaml --run-id=npc_test --force",
        "mlagents_version": "0.29.0",
        "mlagents_envs_version": "0.29.0",
        "communication_protocol_version": "1.5.0",
        "pytorch_version": "1.7.1+cpu",
        "numpy_version": "1.21.2",
        "end_time_seconds": "1758223086"
    },
    "total": 4384.4162481,
    "count": 1,
    "self": 0.08438420000038604,
    "children": {
        "run_training.setup": {
            "total": 1.1899903000000016,
            "count": 1,
            "self": 1.1899903000000016
        },
        "TrainerController.start_learning": {
            "total": 4383.1418736,
            "count": 1,
            "self": 18.96432420004203,
            "children": {
                "TrainerController._reset_env": {
                    "total": 14.104650600000003,
                    "count": 1,
                    "self": 14.104650600000003
                },
                "TrainerController.advance": {
                    "total": 4350.015238099957,
                    "count": 500040,
                    "self": 16.919622500049627,
                    "children": {
                        "env_step": {
                            "total": 3917.592201599943,
                            "count": 500040,
                            "self": 3090.167232300201,
                            "children": {
                                "SubprocessEnvManager._take_step": {
                                    "total": 815.515600399855,
                                    "count": 500040,
                                    "self": 57.49913009992417,
                                    "children": {
                                        "TorchPolicy.evaluate": {
                                            "total": 758.0164702999308,
                                            "count": 500040,
                                            "self": 153.898755000101,
                                            "children": {
                                                "TorchPolicy.sample_actions": {
                                                    "total": 604.1177152998298,
                                                    "count": 500040,
                                                    "self": 604.1177152998298
                                                }
                                            }
                                        }
                                    }
                                },
                                "workers": {
                                    "total": 11.909368899887177,
                                    "count": 500040,
                                    "self": 0.0,
                                    "children": {
                                        "worker_root": {
                                            "total": 4338.52750580008,
                                            "count": 500040,