{
    "name": "root",
    "gauges": {
        "CatchAgent.Policy.Entropy.mean": {
            "value": 1.1062185764312744,
            "min": 1.1061362028121948,
            "max": 1.414820909500122,
            "count": 50
        },
        "CatchAgent.Policy.Entropy.sum": {
            "value": 11051.123046875,
            "min": 11033.947265625,
            "max": 14201.97265625,
            "count": 50
        },
        "CatchAgent.Step.mean": {
            "value": 499988.0,
            "min": 9974.0,
            "max": 499988.0,
            "count": 50
        },
        "CatchAgent.Step.sum": {
            "value": 499988.0,
            "min": 9974.0,
            "max": 499988.0,
            "count": 50
        },
        "CatchAgent.Policy.ExtrinsicValueEstimate.mean": {
            "value": -0.142358660697937,
            "min": -0.9197297692298889,
            "max": -7.755139085929841e-05,
            "count": 50
        },
        "CatchAgent.Policy.ExtrinsicValueEstimate.sum": {
            "value": -26.33635139465332,
            "min": -211.537841796875,
            "max": -0.015277624130249023,
            "count": 50
        },
        "CatchAgent.Environment.EpisodeLength.mean": {
            "value": 176.50877192982455,
            "min": 79.43548387096774,
            "max": 176.83928571428572,
            "count": 50
        },
        "CatchAgent.Environment.EpisodeLength.sum": {
            "value": 10061.0,
            "min": 9663.0,
            "max": 10250.0,
            "count": 50
        },
        "CatchAgent.Environment.CumulativeReward.mean": {
            "value": -0.4420058352739683,
            "min": -2.0315040153481307,
            "max": 0.04922618714870134,
            "count": 50
        },
        "CatchAgent.Environment.CumulativeReward.sum": {
            "value": -24.752326775342226,
            "min": -251.9064979031682,
            "max": 3.29815453896299,
            "count": 50
        },
        "CatchAgent.Policy.ExtrinsicReward.mean": {
            "value": -0.4420058352739683,
            "min": -2.0315040153481307,
            "max": 0.04922618714870134,
            "count": 50
        },
        "CatchAgent.Policy.ExtrinsicReward.sum": {
            "value": -24.752326775342226,
            "min": -251.9064979031682,
            "max": 3.29815453896299,
            "count": 50
        },
        "CatchAgent.Losses.PolicyLoss.mean": {
            "value": 0.09955627325252862,
            "min": 0.0919916209531948,
            "max": 0.10752105030405801,
            "count": 50
        },
        "CatchAgent.Losses.PolicyLoss.sum": {
            "value": 0.49778136626264313,
            "min": 0.3690754230725967,
            "max": 0.53760525152029,
            "count": 50
        },
        "CatchAgent.Losses.ValueLoss.mean": {
            "value": 0.051098880668481186,
            "min": 0.02831383522716351,
            "max": 0.06788369290685901,
            "count": 50
        },
        "CatchAgent.Losses.ValueLoss.sum": {
            "value": 0.2554944033424059,
            "min": 0.13372676313156262,
            "max": 0.3394184645342951,
            "count": 50
        },
        "CatchAgent.Policy.LearningRate.mean": {
            "value": 3.3807388731200038e-06,
            "min": 3.3807388731200038e-06,
            "max": 0.00029690475103175,
            "count": 50
        },
        "CatchAgent.Policy.LearningRate.sum": {
            "value": 1.690369436560002e-05,
            "min": 1.690369436560002e-05,
            "max": 0.0014566014144662,
            "count": 50
        },
        "CatchAgent.Policy.Epsilon.mean": {
            "value": 0.10112687999999999,
            "min": 0.10112687999999999,
            "max": 0.19896825,
            "count": 50
        },
        "CatchAgent.Policy.Epsilon.sum": {
            "value": 0.5056343999999999,
            "min": 0.41201259999999995,
            "max": 0.9855338000000001,
            "count": 50
        },
        "CatchAgent.Policy.Beta.mean": {
            "value": 6.623131200000006e-05,
            "min": 6.623131200000006e-05,
            "max": 0.004948515675000002,
            "count": 50
        },
        "CatchAgent.Policy.Beta.sum": {
            "value": 0.00033115656000000035,
            "min": 0.00033115656000000035,
            "max": 0.024278136619999998,
            "count": 50
        },
        "CatchAgent.IsTraining.mean": {
            "value": 1.0,
            "min": 1.0,
            "max": 1.0,
            "count": 50
        },
        "CatchAgent.IsTraining.sum": {
            "value": 1.0,
            "min": 1.0,
            "max": 1.0,
            "count": 50
        }
    },
    "metadata": {
        "timer_format_version": "0.1.0",
        "start_time_seconds": "1760808625",
        "python_version": "3.8.10 (tags/v3.8.10:3d8993a, May  3 2021, 11:48:03) [MSC v.1928 64 bit (AMD64)]",
        "command_line_arguments": "C:\\Users\\Hitalo\\Unity\\mlagents-env\\Scripts\\mlagents-learn npc_config.yaml --run-id=npc_test --force",
        "mlagents_version": "0.29.0",
        "mlagents_envs_version": "0.29.0",
        "communication_protocol_version": "1.5.0",
        "pytorch_version": "1.7.1+cpu",
        "numpy_version": "1.21.2",
        "end_time_seconds": "1760812615"
    },
    "total": 3993.4264927,
    "count": 1,
    "self": 0.011200699999790231,
    "children": {
        "run_training.setup": {
            "total": 0.35239739999999986,
            "count": 1,
            "self": 0.35239739999999986
        },
        "TrainerController.start_learning": {
            "total": 3993.0628946,
            "count": 1,
            "self": 14.847633299827521,
            "children": {
                "TrainerController._reset_env": {
                    "total": 34.182777800000004,
                    "count": 1,
                    "self": 34.182777800000004
                },
                "TrainerController.advance": {
                    "total": 3944.0052151001723,
                    "count": 500013,
                    "self": 13.518612600477809,
                    "children": {
                        "env_step": {
                            "total": 3578.8813738998056,
                            "count": 500013,
                            "self": 2923.423873499741,
                            "children": {
                                "SubprocessEnvManager._take_step": {
                                    "total": 645.5037868998566,
                                    "count": 500013,
                                    "self": 47.19123469981719,
                                    "children": {
                                        "TorchPolicy.evaluate": {
                                            "total": 598.3125522000394,
                                            "count": 500013,
                                            "self": 120.05502110017096,
                                            "children": {
                                                "TorchPolicy.sample_actions": {
                                                    "total": 478.2575310998684,
                                                    "count": 500013,
                                                    "self": 478.2575310998684
                                                }
                                            }
                                        }
                                    }
                                },
                                "workers": {
                                    "total": 9.953713500207769,
                                    "count": 500013,
                                    "self": 0.0,
                                    "children": {
                                        "worker_root": {
                                            "total": 3930.9006875999394,
                                            "count": 500013,